word,count
span,966
classhighlightproject,924
managerspan,840
and,546
и,546
management,462
a,420
the,420
for,378
as,378
в,336
development,294
to,294
of,294
на,294
solutions,252
an,252
projects,252
мы,252
our,210
responsibilities,168
software,168
looking,168
you,168
will,168
in,168
at,168
с,168
который,168
компании,168
toms,126
telecommunications,126
operations,126
companies,126
has,126
opening,126
stakeholders,126
are,126
team,126
be,126
with,126
не,126
нашей,126
ключевых,126
ты,126
если,126
·,126
years,126
client,126
is,126
including,84
expectations,84
web,84
we,84
experienced,84
join,84
managing,84
your,84
takeda,84
mission,84
ищем,84
все,84
команде,84
а,84
процесс,84
оплату,84
обучения,84
повышения,84
квалификации,84
посещения,84
курсов,84
совместные,84
мероприятия,84
корпоративы,84
это,84
человек,84
влияет,84
принятие,84
решений,84
будешь,84
решать,84
важные,84
развиваться,84
работы,84
мтс,84
чем,84
предстоит,84
заниматься,84
команду,84
работать,84
тебе,84
it,84
requirements,84
experience,84
commercial,84
управление,84
smm,84
level,84
least,84
work,84
or,84
key,84
marketing,84
cro,84
clinical,84
communication,84
teams,84
mobile,42
desktop,42
who,42
growing,42
pmo,42
multicultural,42
environment,42
typical,42
support,42
career,42
if,42
so,42
empowered,42
take,42
charge,42
future,42
us,42
yaroslavl,42
site,42
here,42
everyone,42
matters,42
vital,42
contributor,42
inspiring,42
bold,42
мастерству,42
геймеров,42
по,42
всему,42
миру,42
связи,42
расширением,42
студии,42
ответственного,42
общительного,42
будет,42
знать,42
о,42
проекте,42
эффективно,42
использовать,42
ресурсы,42
помогать,42
достигать,42
желаемых,42
результатов,42
вместе,42
каждый,42
день,42
создаём,42
будущее,42
бизнескоммуникаций,42
команда,42
виртуальной,42
атс,42
расширяется,42
поможет,42
нам,42
быстрее,42
вы,42
имеете,42
опыт,42
года,42
менеджменте,42
софтверных,42
продуктов,42
ск,42
согласие,42
дочкисыночки,42
ашан,42
только,42
департамента,42
разработки,42
сайтов,42
нужен,42
развивать,42
клиентов,42
числе,42
которых,42
триколор,42
тв,42
пао,42
северсталь,42
высокотехнологичной,42
сделать,42
жизнь,42
людей,42
лучше,42
интереснее,42
приглашаем,42
нашу,42
должность,42
взаимодействовать,42
клиентами,42
выстраивать,42
ними,42
доверительные,42
отношения,42
интересны,42
масштабные,42
проекты,42
то,42
понравится,42
наша,42
новая,42
вакансия,42
сплоченную,42
дружную,42
nl,42
разыскивается,42
ждем,42
тебя,42
так,42
же,42
как,42
хочешь,42
результат,42
сфере,42
reporting,42
what,42
business,42
analyst,42
solid,42
sw,42
background,42
deep,42
understanding,42
methodologies,42
scrum,42
kanban,42
description,42
large,42
international,42
commodity,42
trading,42
company,42
lead,42
implementation,42
enterprise,42
identity,42
system,42
deliver,42
within,42
smmdigitalspan,42
classhighlightmanagerspan,42
процессом,42
создания,42
запуска,42
ведения,42
digitalпроектов,42
всех,42
этапах,42
разработка,42
стратегии,42
для,42
бренда,42
отделом,42
координирование,42
команды,42
постановка,42
задач,42
on,42
happiness,42
clients,42
specialist,42
itdigital,42
industry,42
digital,42
data,42
analytics,42
well,42
trials,42
compliance,42
quality,42
standards,42
applicable,42
regulations,42
serves,42
main,42
point,42
between,42
involved,42
into,42
study,42
controls,42
most,42
respected,42
solution,42
delivery,42
this,42
position,42
responsible,42
daytoday,42
activities,42
long,42
term,42
basis,42
ability,42
manage,42
efficiently,42
persons,42
having,42
leads,42
additional,42
managerspans,42
excellent,42
organizational,42
skills,42
resultoriented,42
thinking,42
english,42
upperintermediate,42
higher,42
accessories,42
brands,42
such,42
cartier,42
montblanc,42
piaget,42
vacheron,42
constantin,42
etc,42
crossfunctional,42
accounting,42
finance,42
logistics,42
department,42
managerspancoordinator,42
dino,42
systems,42
closely,42
define,42
scope,42
deliverables,42
while,42
leveraging,42
classhighlightprojectspan,42
concepts,42
practices,42
tools,42
coordinate,42
functional,42
,0
